Model,Accuracy,Precision,Recall,F1 Score
Logistic Regression,0.828,0.8269824922760041,0.8202247191011236,0.8235897435897436
Decision Tree,1.0,1.0,1.0,1.0
Random Forest,1.0,1.0,1.0,1.0
